Épreuve;Place;Nom/Prénom;Année;Catégorie;Club;Temps;Statut/Remarque
"100m Surface Seniors Femmes - Séries";36;"LEBEE Garance";12;FCA;*PEC;57.60;
"100m Surface Seniors Femmes - Séries";37;"ROZE Emma";11;FCA;*PEC;59.87;
"100m Surface Seniors Hommes - Séries";22;"FRANCES Mathis";06;HSE;*PEC;45.50;
"200m Bipalmes Seniors Femmes - Séries";10;"BOUTOUILLER Florie";05;FSE;*PEC;1:58.69;"(en finale)"
"200m Bipalmes Seniors Femmes - Séries";24;"KERJEAN Eloise";10;FJU;*PEC;2:07.17;
"200m Bipalmes Seniors Hommes - Séries";16;"SOLLAZZO Luca";11;HCA;*PEC;1:53.28;"(en finale)"
"200m Bipalmes Seniors Hommes - Séries";17;"TORC'H Killian";03;HSE;*PEC;1:53.34;"(en finale)"
"200m Bipalmes Seniors Hommes - Séries";25;"VIGOUROUX Nevis";11;HCA;*PEC;2:12.24;
"800m Surface Seniors Hommes";;"LE POGAM Maxime";12;HCA;*PEC;9:56.97;
